{
  "name": "<%= dasherizedBaseName %>",
  "version": "0.0.0",
  "description": "Description for <%= baseName %>",
  "private": true,
  "cacheDirectories": [
    "node_modules"
  ],
  "dependencies": {
    "@angular/common": "2.2.3",
    "@angular/compiler": "2.2.3",
    "@angular/core": "2.2.3",
    "@angular/forms": "2.2.3",
    "@angular/http": "2.2.3",
    "@angular/platform-browser": "2.2.3",
    "@angular/platform-browser-dynamic": "2.2.3",
    "@angular/upgrade": "2.2.3",
    "@ng-bootstrap/ng-bootstrap": "1.0.0-alpha.14",
    "bootstrap": "4.0.0-alpha.5",
    "font-awesome": "4.7.0",
    "angular2-cookie": "1.2.5",
    "core-js": "2.4.1",
    "jquery": "3.1.1",
    <%_ if (enableTranslation){ _%>
    "ng2-translate": "4.2.0",
    <%_ } _%>
    "ng2-webstorage": "1.3.0",
    "reflect-metadata": "0.1.8",
    "rxjs": "5.0.0-rc.4",
    "swagger-ui": "2.2.8",
    "tether": "1.4.0",
    "ui-router-ng2": "1.0.0-beta.3",
    "ui-router-visualizer": "2.0.11",
    "zone.js": "0.7.2"
  },
  "devDependencies": {
    "@types/angular": "1.5.20",
    "@types/angular-animate": "1.5.5",
    "@types/angular-mocks": "1.5.7",
    "@types/jasmine": "2.5.38",
    "angular2-template-loader": "0.6.0",
    "awesome-typescript-loader": "2.2.4",
    "browser-sync": "2.18.2",
    "browser-sync-webpack-plugin": "1.1.3",
    "copy-webpack-plugin": "4.0.1",
    "css-loader": "0.26.0",
    "del": "2.2.2",
    "event-stream": "3.3.4",
    "exports-loader": "0.6.3",
    "extract-text-webpack-plugin": "2.0.0-beta.4",
    "file-loader": "0.9.0",
    "generator-jhipster": "3.9.1",
    "handlebars-loader": "1.4.0",
    "html-webpack-plugin": "2.24.1",
    "image-webpack-loader": "3.0.0",
    "jasmine-core": "2.5.2",
    <%_ if (protractorTests) { _%>
    "jasmine-reporters": "2.2.0",
    <%_ } _%>
    "karma": "1.3.0",
    "karma-chrome-launcher": "2.0.0",
    "karma-coverage": "1.1.1",
    "karma-jasmine": "1.0.2",
    "karma-junit-reporter": "1.1.0",
    "karma-phantomjs-launcher": "1.0.2",
    "karma-script-launcher": "1.0.0",
    "lazypipe": "1.0.1",
    "lodash": "4.17.2",
    "map-stream": "0.0.6",
    "phantomjs-prebuilt": "2.1.13",
    <%_ if (protractorTests) { _%>
    "protractor": "4.0.11",
    "protractor-jasmine2-screenshot-reporter": "0.3.2",
    "ts-node": "1.7.1",
    <%_ } _%>
    "proxy-middleware": "0.15.0",
    "raw-loader": "0.5.1",
    "run-sequence": "1.2.2",
    "string-replace-webpack-plugin": "0.0.4",
    "style-loader": "0.13.1",
    "tslint": "4.0.2",
    "tslint-loader": "3.2.1",
    "typescript": "2.0.10",
    "webpack": "2.1.0-beta.25",
    "webpack-merge": "1.0.2",
    <%_ if (buildTool == 'maven') { _%>
    "xml2js": "0.4.17",
    <%_ } _%>
    <%_ if(useSass) { _%>
    "sass-loader": "4.0.2",
    "node-sass": "3.13.0",
    "postcss-loader": "1.2.0",
    <%_ } _%>

    "yargs": "6.4.0"
  },
  "engines": {
    "node": "^4.3"
  },
  "scripts": {
    <%_ if (protractorTests) { _%>
    "postinstall": "webdriver-manager update",
    "e2e": "protractor <%= TEST_SRC_DIR %>protractor.conf.js",
    <%_ } _%>
    "tsc": "tsc",
    "tsc:w": "tsc -w",
    "lint": "tslint src/main/webapp/app/**/*.ts --force",
    "lint:fix": "tslint src/main/webapp/app/**/*.ts --fix --force",
    "webpack:dev": "webpack --watch --config webpack/webpack.dev.js",
    "webpack:prod": "webpack -p --config webpack/webpack.prod.js"
  }
}
