{
  "name": "<%= dasherizedBaseName %>",
  "version": "0.0.0",
  "description": "Description for <%= baseName %>",
  "private": true,
  "cacheDirectories": [
    "node_modules"
  ],
  "dependencies": {
    "@angular/common": "2.4.9",
    "@angular/compiler": "2.4.9",
    "@angular/core": "2.4.9",
    "@angular/forms": "2.4.9",
    "@angular/http": "2.4.9",
    "@angular/platform-browser": "2.4.9",
    "@angular/platform-browser-dynamic": "2.4.9",
    "@angular/router": "3.4.9",
    "@ng-bootstrap/ng-bootstrap": "1.0.0-alpha.21",
    "angular2-infinite-scroll": "0.3.4",
    "bootstrap": "4.0.0-alpha.6",
    "font-awesome": "4.7.0",
    "angular2-cookie": "1.2.6",
    "core-js": "2.4.1",
    "jquery": "3.1.1",
    "ng-jhipster": "0.1.9",
    "ng2-webstorage": "1.5.1",
    "reflect-metadata": "0.1.10",
    "rxjs": "5.2.0",
    "swagger-ui": "2.2.10",
    <%_ if (websocket == 'spring-websocket') { _%>
    "sockjs-client": "1.1.2",
    "webstomp-client": "1.0.5",
    <%_ } _%>
    "tether": "1.4.0",
    "zone.js": "0.8.2"
  },
  "devDependencies": {
    "@angular/cli": "1.0.0-rc.2",
    "@types/jasmine": "2.5.45",
    "@types/node": "7.0.8",
    <%_ if (protractorTests) { _%>
    "@types/selenium-webdriver": "2.53.39",
    <%_ } _%>
    "add-asset-html-webpack-plugin": "1.0.2",
    "angular2-template-loader": "0.6.2",
    "awesome-typescript-loader": "3.1.2",
    "browser-sync": "2.18.8",
    "browser-sync-webpack-plugin": "1.1.4",
    "codelyzer": "2.0.0",
    "copy-webpack-plugin": "4.0.1",
    "css-loader": "0.27.3",
    "del": "2.2.2",
    "event-stream": "3.3.4",
    "exports-loader": "0.6.4",
    "extract-text-webpack-plugin": "2.1.0",
    "file-loader": "0.10.1",
    "html-loader": "0.4.5",
    "html-webpack-plugin": "2.28.0",
    "image-webpack-loader": "3.2.0",
    "jasmine-core": "2.5.2",
    <%_ if (protractorTests) { _%>
    "jasmine-reporters": "2.2.0",
    <%_ } _%>
    "karma": "1.5.0",
    "karma-chrome-launcher": "2.0.0",
    "karma-coverage": "1.1.1",
    "karma-intl-shim": "1.0.3",
    "karma-jasmine": "1.1.0",
    "karma-junit-reporter": "1.2.0",
    "karma-phantomjs-launcher": "1.0.4",
    "karma-remap-istanbul": "0.6.0",
    "karma-sourcemap-loader": "0.3.7",
    "karma-webpack": "2.0.3",
    "lazypipe": "1.0.1",
    "lodash": "4.17.4",
    "map-stream": "0.0.6",
    "phantomjs-prebuilt": "2.1.14",
    <%_ if (protractorTests) { _%>
    "protractor": "5.1.1",
    "protractor-jasmine2-screenshot-reporter": "0.3.3",
    "ts-node": "2.1.0",
    <%_ } _%>
    "proxy-middleware": "0.15.0",
    "run-sequence": "1.2.2",
    "sourcemap-istanbul-instrumenter-loader": "0.2.0",
    "string-replace-webpack-plugin": "0.1.3",
    "style-loader": "0.14.0",
    "to-string-loader": "1.1.5",
    "tslint": "4.5.1",
    "tslint-loader": "3.4.3",
    "typescript": "2.2.1",
    "webpack": "2.2.1",
    "webpack-dev-server": "2.4.2",
    "webpack-merge": "2.6.1",
    "webpack-visualizer-plugin": "0.1.11",
    "write-file-webpack-plugin": "3.4.2",
    <%_ if (buildTool == 'maven') { _%>
    "xml2js": "0.4.17",
    <%_ } _%>
    <%_ if (useSass) { _%>
    "sass-loader": "5.0.1",
    "node-sass": "4.5.0",
    "postcss-loader": "1.3.0",
    <%_ } _%>
    "yargs": "6.6.0"
  },
  "engines": {
    "node": ">=6.9.0"
  },
  "scripts": {
    "lint": "tslint 'src/main/webapp/app/**/*.ts' --force",
    "lint:fix": "tslint 'src/main/webapp/app/**/*.ts' --fix --force",
    "tsc": "tsc",
    "tsc:w": "tsc -w",
    "start": "<%= clientPackageManager %> run webpack:dev",
    "webpack:build": "webpack --config webpack/webpack.vendor.js && webpack --config webpack/webpack.dev.js",
    "webpack:build:dev": "webpack --config webpack/webpack.dev.js",
    "webpack:build:vendor": "webpack --config webpack/webpack.vendor.js",
    "webpack:dev": "webpack-dev-server --config webpack/webpack.dev.js  --progress --inline --hot --profile --port=9060",
    "webpack:prod": "<%= clientPackageManager %> test && webpack -p --config webpack/webpack.vendor.js && webpack -p --config webpack/webpack.prod.js",
    "test": "<%= clientPackageManager %> run lint && karma start src/test/javascript/karma.conf.js",
    "test:watch": "karma start --watch",
    <%_ if (protractorTests) { _%>
    "e2e": "protractor <%= TEST_SRC_DIR %>protractor.conf.js",
    "postinstall": "webdriver-manager update && <%= clientPackageManager %> run webpack:build"
    <%_ } else { _%>
    "postinstall": "node node_modules/pngquant-bin/lib/install.js && node node_modules/phantomjs-prebuilt/install.js && <%= clientPackageManager %> run webpack:build"
    <%_ } _%>
  }
}
