{
  "name": "<%= dasherizedBaseName %>",
  "version": "0.0.0",
  "description": "Description for <%= baseName %>",
  "private": true,
  "cacheDirectories": [
    "node_modules"
  ],
  "dependencies": {
    "@angular/common": "2.4.1",
    "@angular/compiler": "2.4.1",
    "@angular/core": "2.4.1",
    "@angular/forms": "2.4.1",
    "@angular/http": "2.4.1",
    "@angular/platform-browser": "2.4.1",
    "@angular/platform-browser-dynamic": "2.4.1",
    "@angular/upgrade": "2.4.1",
    "@ng-bootstrap/ng-bootstrap": "1.0.0-alpha.15",
    "bootstrap": "4.0.0-alpha.5",
    "font-awesome": "4.7.0",
    "angular2-cookie": "1.2.6",
    "core-js": "2.4.1",
    "jquery": "3.1.1",
    "ng-jhipster": "0.0.13",
    "ng2-webstorage": "1.4.2",
    "reflect-metadata": "0.1.9",
    "rxjs": "5.0.2",
    "swagger-ui": "2.2.8",
    <%_ if (websocket == 'spring-websocket') { _%>
    "sockjs-client": "1.1.1",
    "webstomp-client": "1.0.3",
    <%_ } _%>
    "tether": "1.4.0",
    "ui-router-ng2": "1.0.0-beta.3",
    "ui-router-visualizer": "2.0.11",
    "zone.js": "0.7.4"
  },
  "devDependencies": {
    "@types/angular": "1.5.22",
    "@types/angular-animate": "1.5.6",
    "@types/angular-mocks": "1.5.8",
    "@types/jasmine": "2.5.38",
    <%_ if (protractorTests) { _%>
    "@types/selenium-webdriver": "2.53.33",
    <%_ } _%>
    "angular2-infinite-scroll": "0.2.8",
    "angular-cli": "1.0.0-beta.24",
    "angular2-template-loader": "0.6.0",
    "awesome-typescript-loader": "3.0.0-beta.17",
    "browser-sync": "2.18.5",
    "browser-sync-webpack-plugin": "1.1.3",
    "codelyzer": "2.0.0-beta.4",
    "copy-webpack-plugin": "4.0.1",
    "css-loader": "0.26.1",
    "del": "2.2.2",
    "event-stream": "3.3.4",
    "exports-loader": "0.6.3",
    "extract-text-webpack-plugin": "2.0.0-beta.4",
    "file-loader": "0.9.0",
    "html-webpack-plugin": "2.24.1",
    "image-webpack-loader": "3.1.0",
    "jasmine-core": "2.5.2",
    <%_ if (protractorTests) { _%>
    "jasmine-reporters": "2.2.0",
    <%_ } _%>
    "karma": "1.3.0",
    "karma-chrome-launcher": "2.0.0",
    "karma-coverage": "1.1.1",
    "karma-jasmine": "1.1.0",
    "karma-junit-reporter": "1.2.0",
    "karma-phantomjs-launcher": "1.0.2",
    "karma-remap-istanbul": "0.3.2",
    "karma-sourcemap-loader": "0.3.7",
    "karma-webpack": "1.8.0",
    "lazypipe": "1.0.1",
    "lodash": "4.17.3",
    "map-stream": "0.0.6",
    "phantomjs-prebuilt": "2.1.14",
    <%_ if (protractorTests) { _%>
    "protractor": "4.0.11",
    "protractor-jasmine2-screenshot-reporter": "0.3.2",
    "ts-node": "1.7.1",
    <%_ } _%>
    "proxy-middleware": "0.15.0",
    "raw-loader": "0.5.1",
    "run-sequence": "1.2.2",
    "sourcemap-istanbul-instrumenter-loader": "0.2.0",
    "string-replace-webpack-plugin": "0.0.4",
    "style-loader": "0.13.1",
    "to-string-loader": "1.1.5",
    "tslint": "4.2.0",
    "tslint-loader": "3.3.0",
    "typescript": "2.1.4",
    "webpack": "2.2.0-rc.3",
    "webpack-merge": "2.0.0",
    <%_ if (buildTool == 'maven') { _%>
    "xml2js": "0.4.17",
    <%_ } _%>
    <%_ if (useSass) { _%>
    "sass-loader": "4.0.2",
    "node-sass": "3.13.0",
    "postcss-loader": "1.2.0",
    <%_ } _%>
    "yargs": "6.5.0"
  },
  "engines": {
    "node": "^4.3"
  },
  "scripts": {
    "start": "npm run webpack:dev",
    "test": "karma start src/test/javascript/karma.conf.js",
    "test:watch": "karma start --watch",
    <%_ if (protractorTests) { _%>
    "postinstall": "webdriver-manager update",
    "e2e": "protractor <%= TEST_SRC_DIR %>protractor.conf.js",
    <%_ } _%>
    "tsc": "tsc",
    "tsc:w": "tsc -w",
    "lint": "tslint src/main/webapp/app/**/*.ts --force",
    "lint:fix": "tslint src/main/webapp/app/**/*.ts --fix --force",
    "webpack:build": "webpack --config webpack/webpack.dev.js",
    "webpack:dev": "webpack --watch --config webpack/webpack.dev.js",
    "webpack:prod": "webpack -p --config webpack/webpack.prod.js"
  }
}
